,Dan,Lokacija,Mesec,SifraCesteNaselja,SifraOdsekaUlice,StanjePrometa,StanjeVozisca,UraPN,VNaselju,VremenskeOkoliscine,VrstaCeste,VrstaVozisca
0,22.0,C,22.0,2401,0,E,SU,22.0,0.0,J,L,AH
1,3.0,N,3.0,2407,1,R,MO,3.0,1.0,O,0,AZ
2,10.0,,10.0,2500,2,N,SL,10.0,,S,H,MA
3,17.0,,17.0,2533,3,G,SN,17.0,,M,2,OS
4,11.0,,11.0,2541,4,Z,SP,11.0,,D,3,AN
5,6.0,,6.0,2546,5,,OS,6.0,,N,4,
6,14.0,,14.0,2574,6,,PN,14.0,,V,1,
7,9.0,,9.0,2621,7,,PP,9.0,,T,5,
8,13.0,,13.0,2625,8,,BL,13.0,,,T,
9,18.0,,18.0,9578,9,,,18.0,,,V,
10,8.0,,8.0,9580,10,,,8.0,,,N,
11,0.0,,0.0,18952,11,,,0.0,,,,
12,5.0,,5.0,18956,12,,,5.0,,,,
13,12.0,,12.0,18958,13,,,12.0,,,,
14,20.0,,20.0,18963,14,,,20.0,,,,
15,16.0,,16.0,18967,15,,,16.0,,,,
16,15.0,,15.0,18968,16,,,15.0,,,,
17,7.0,,7.0,18969,17,,,7.0,,,,
18,23.0,,23.0,18974,18,,,23.0,,,,
19,19.0,,19.0,18975,19,,,19.0,,,,
20,21.0,,21.0,18977,20,,,21.0,,,,
21,1.0,,1.0,18978,21,,,1.0,,,,
22,2.0,,2.0,18979,22,,,2.0,,,,
23,4.0,,4.0,18981,23,,,4.0,,,,
24,,,,18982,24,,,,,,,
25,,,,18985,25,,,,,,,
26,,,,18989,26,,,,,,,
27,,,,18993,27,,,,,,,
28,,,,18995,28,,,,,,,
29,,,,35555,29,,,,,,,
30,,,,41112,30,,,,,,,
31,,,,47509,31,,,,,,,
32,,,,47511,32,,,,,,,
33,,,,47532,33,,,,,,,
34,,,,47533,34,,,,,,,
35,,,,53977,35,,,,,,,
36,,,,53996,36,,,,,,,
37,,,,78011,37,,,,,,,
38,,,,91122,38,,,,,,,
39,,,,91230,39,,,,,,,
40,,,,91234,40,,,,,,,
41,,,,91253,41,,,,,,,
42,,,,91258,42,,,,,,,
43,,,,92113,43,,,,,,,
44,,,,92123,44,,,,,,,
45,,,,92144,45,,,,,,,
46,,,,92222,46,,,,,,,
47,,,,92603,47,,,,,,,
48,,,,92755,48,,,,,,,
49,,,,92759,49,,,,,,,
50,,,,92763,50,,,,,,,
51,,,,92766,51,,,,,,,
52,,,,92770,52,,,,,,,
53,,,,92771,53,,,,,,,
54,,,,92801,54,,,,,,,
55,,,,92802,55,,,,,,,
56,,,,92807,56,,,,,,,
57,,,,92808,57,,,,,,,
58,,,,92809,58,,,,,,,
59,,,,92811,60,,,,,,,
60,,,,92813,61,,,,,,,
61,,,,92814,62,,,,,,,
62,,,,92815,65,,,,,,,
63,,,,92816,66,,,,,,,
64,,,,92818,67,,,,,,,
65,,,,92819,68,,,,,,,
66,,,,92821,69,,,,,,,
67,,,,92824,71,,,,,,,
68,,,,92830,72,,,,,,,
69,,,,93004,85,,,,,,,
70,,,,93017,86,,,,,,,
71,,,,93101,87,,,,,,,
72,,,,93103,88,,,,,,,
73,,,,93112,89,,,,,,,
74,,,,93125,90,,,,,,,
75,,,,93132,91,,,,,,,
76,,,,93219,92,,,,,,,
77,,,,93333,93,,,,,,,
78,,,,93336,101,,,,,,,
79,,,,93421,102,,,,,,,
80,,,,93425,103,,,,,,,
81,,,,93509,105,,,,,,,
82,,,,93544,106,,,,,,,
83,,,,93810,107,,,,,,,
84,,,,93829,108,,,,,,,
85,,,,93831,109,,,,,,,
86,,,,93902,110,,,,,,,
87,,,,94001,111,,,,,,,
88,,,,94040,113,,,,,,,
89,,,,94202,115,,,,,,,
90,,,,94204,116,,,,,,,
91,,,,94206,117,,,,,,,
92,,,,94208,118,,,,,,,
93,,,,94209,119,,,,,,,
94,,,,94212,121,,,,,,,
95,,,,94213,123,,,,,,,
96,,,,94214,124,,,,,,,
97,,,,94218,127,,,,,,,
98,,,,94601,128,,,,,,,
99,,,,94704,129,,,,,,,
100,,,,94706,132,,,,,,,
101,,,,94900,133,,,,,,,
102,,,,94901,134,,,,,,,
103,,,,94902,136,,,,,,,
104,,,,94903,137,,,,,,,
105,,,,94905,138,,,,,,,
106,,,,94911,139,,,,,,,
107,,,,94915,142,,,,,,,
108,,,,94918,144,,,,,,,
109,,,,94920,145,,,,,,,
110,,,,94924,146,,,,,,,
111,,,,94931,147,,,,,,,
112,,,,94996,148,,,,,,,
113,,,,95111,149,,,,,,,
114,,,,95401,151,,,,,,,
115,,,,95447,154,,,,,,,
116,,,,95504,155,,,,,,,
117,,,,95521,157,,,,,,,
118,,,,95533,158,,,,,,,
119,,,,95539,159,,,,,,,
120,,,,95540,161,,,,,,,
121,,,,95561,163,,,,,,,
122,,,,95573,167,,,,,,,
123,,,,95604,168,,,,,,,
124,,,,95605,170,,,,,,,
125,,,,95606,175,,,,,,,
126,,,,95607,178,,,,,,,
127,,,,95609,179,,,,,,,
128,,,,95610,180,,,,,,,
129,,,,95612,182,,,,,,,
130,,,,95615,184,,,,,,,
131,,,,95625,186,,,,,,,
132,,,,95626,187,,,,,,,
133,,,,95631,188,,,,,,,
134,,,,95634,195,,,,,,,
135,,,,95635,201,,,,,,,
136,,,,95636,202,,,,,,,
137,,,,95639,203,,,,,,,
138,,,,95642,204,,,,,,,
139,,,,95646,205,,,,,,,
140,,,,95647,206,,,,,,,
141,,,,95649,207,,,,,,,
142,,,,95652,208,,,,,,,
143,,,,95653,210,,,,,,,
144,,,,95676,211,,,,,,,
145,,,,95677,212,,,,,,,
146,,,,95680,213,,,,,,,
147,,,,95683,215,,,,,,,
148,,,,95684,220,,,,,,,
149,,,,95686,221,,,,,,,
150,,,,95689,223,,,,,,,
151,,,,95693,224,,,,,,,
152,,,,95705,231,,,,,,,
153,,,,95713,232,,,,,,,
154,,,,95731,233,,,,,,,
155,,,,95743,235,,,,,,,
156,,,,95745,236,,,,,,,
157,,,,95758,237,,,,,,,
158,,,,95761,238,,,,,,,
159,,,,95772,239,,,,,,,
160,,,,95774,240,,,,,,,
161,,,,95819,241,,,,,,,
162,,,,95841,242,,,,,,,
163,,,,95852,243,,,,,,,
164,,,,95872,244,,,,,,,
165,,,,96105,245,,,,,,,
166,,,,96123,246,,,,,,,
167,,,,96132,247,,,,,,,
168,,,,96409,248,,,,,,,
169,,,,96710,249,,,,,,,
170,,,,96718,250,,,,,,,
171,,,,96734,252,,,,,,,
172,,,,96809,254,,,,,,,
173,,,,96812,255,,,,,,,
174,,,,96816,256,,,,,,,
175,,,,96819,257,,,,,,,
176,,,,96832,258,,,,,,,
177,,,,96833,261,,,,,,,
178,,,,96837,262,,,,,,,
179,,,,96838,263,,,,,,,
180,,,,96866,264,,,,,,,
181,,,,96867,265,,,,,,,
182,,,,96868,266,,,,,,,
183,,,,97027,267,,,,,,,
184,,,,97058,268,,,,,,,
185,,,,97099,273,,,,,,,
186,,,,97106,274,,,,,,,
187,,,,97113,275,,,,,,,
188,,,,97161,276,,,,,,,
189,,,,97203,277,,,,,,,
190,,,,97220,278,,,,,,,
191,,,,97317,280,,,,,,,
192,,,,97326,281,,,,,,,
193,,,,97425,282,,,,,,,
194,,,,97435,286,,,,,,,
195,,,,97438,287,,,,,,,
196,,,,97448,290,,,,,,,
197,,,,97450,291,,,,,,,
198,,,,97465,292,,,,,,,
199,,,,97480,293,,,,,,,
200,,,,97503,294,,,,,,,
201,,,,97504,295,,,,,,,
202,,,,97515,300,,,,,,,
203,,,,97516,301,,,,,,,
204,,,,97519,303,,,,,,,
205,,,,97714,304,,,,,,,
206,,,,97720,305,,,,,,,
207,,,,97727,306,,,,,,,
208,,,,97751,307,,,,,,,
209,,,,97772,308,,,,,,,
210,,,,97777,309,,,,,,,
211,,,,97806,311,,,,,,,
212,,,,97901,312,,,,,,,
213,,,,97912,313,,,,,,,
214,,,,97917,314,,,,,,,
215,,,,97934,315,,,,,,,
216,,,,97940,316,,,,,,,
217,,,,97955,318,,,,,,,
218,,,,98207,320,,,,,,,
219,,,,98208,321,,,,,,,
220,,,,98225,322,,,,,,,
221,,,,98227,326,,,,,,,
222,,,,98229,327,,,,,,,
223,,,,98230,328,,,,,,,
224,,,,98231,330,,,,,,,
225,,,,98245,331,,,,,,,
226,,,,98246,332,,,,,,,
227,,,,98249,333,,,,,,,
228,,,,98250,334,,,,,,,
229,,,,98253,335,,,,,,,
230,,,,98266,336,,,,,,,
231,,,,99000,338,,,,,,,
232,,,,99071,339,,,,,,,
233,,,,99474,340,,,,,,,
234,,,,99719,341,,,,,,,
235,,,,99906,343,,,,,,,
236,,,,99922,344,,,,,,,
237,,,,99989,345,,,,,,,
238,,,,99990,346,,,,,,,
239,,,,99999,347,,,,,,,
240,,,,000A2,349,,,,,,,
241,,,,91231,350,,,,,,,
242,,,,000A1,351,,,,,,,
243,,,,000H2,352,,,,,,,
244,,,,000A3,353,,,,,,,
245,,,,000H3,354,,,,,,,
246,,,,104,355,,,,,,,
247,,,,000A4,356,,,,,,,
248,,,,000A5,357,,,,,,,
249,,,,201,359,,,,,,,
250,,,,452,360,,,,,,,
251,,,,412,361,,,,,,,
252,,,,211,362,,,,,,,
253,,,,8,363,,,,,,,
254,,,,106,364,,,,,,,
255,,,,448,366,,,,,,,
256,,,,101,367,,,,,,,
257,,,,202,368,,,,,,,
258,,,,741,370,,,,,,,
259,,,,000H5,373,,,,,,,
260,,,,000H6,374,,,,,,,
261,,,,111,375,,,,,,,
262,,,,1,376,,,,,,,
263,,,,710,378,,,,,,,
264,,,,229,379,,,,,,,
265,,,,2,380,,,,,,,
266,,,,651,381,,,,,,,
267,,,,105,387,,,,,,,
268,,,,437,388,,,,,,,
269,,,,430,389,,,,,,,
270,,,,447,392,,,,,,,
271,,,,409,393,,,,,,,
272,,,,449,395,,,,,,,
273,,,,235,398,,,,,,,
274,,,,443,399,,,,,,,
275,,,,230,407,,,,,,,
276,,,,5,409,,,,,,,
277,,,,6,410,,,,,,,
278,,,,444,412,,,,,,,
279,,,,445,413,,,,,,,
280,,,,9,422,,,,,,,
281,,,,7,434,,,,,,,
282,,,,109,435,,,,,,,
283,,,,000H4,437,,,,,,,
284,,,,436,440,,,,,,,
285,,,,000H7,441,,,,,,,
286,,,,103,443,,,,,,,
287,,,,901,445,,,,,,,
288,,,,203,446,,,,,,,
289,,,,102,452,,,,,,,
290,,,,204,457,,,,,,,
291,,,,446,460,,,,,,,
292,,,,940,461,,,,,,,
293,,,,902,474,,,,,,,
294,,,,903,481,,,,,,,
295,,,,405,482,,,,,,,
296,,,,611,483,,,,,,,
297,,,,619,484,,,,,,,
298,,,,205,489,,,,,,,
299,,,,206,492,,,,,,,
300,,,,603,493,,,,,,,
301,,,,612,601,,,,,,,
302,,,,402,602,,,,,,,
303,,,,614,603,,,,,,,
304,,,,617,604,,,,,,,
305,,,,207,605,,,,,,,
306,,,,208,606,,,,,,,
307,,,,625,607,,,,,,,
308,,,,11,608,,,,,,,
309,,,,609,609,,,,,,,
310,,,,608,610,,,,,,,
311,,,,403,611,,,,,,,
312,,,,210,613,,,,,,,
313,,,,413,614,,,,,,,
314,,,,225,615,,,,,,,
315,,,,923,616,,,,,,,
316,,,,209,617,,,,,,,
317,,,,904,618,,,,,,,
318,,,,905,619,,,,,,,
319,,,,633,620,,,,,,,
320,,,,907,621,,,,,,,
321,,,,634,622,,,,,,,
322,,,,212,623,,,,,,,
323,,,,635,624,,,,,,,
324,,,,911,625,,,,,,,
325,,,,636,626,,,,,,,
326,,,,909,627,,,,,,,
327,,,,638,628,,,,,,,
328,,,,410,629,,,,,,,
329,,,,639,630,,,,,,,
330,,,,407,631,,,,,,,
331,,,,642,632,,,,,,,
332,,,,728,633,,,,,,,
333,,,,214,634,,,,,,,
334,,,,216,635,,,,,,,
335,,,,650,636,,,,,,,
336,,,,215,637,,,,,,,
337,,,,424,638,,,,,,,
338,,,,683,639,,,,,,,
339,,,,647,640,,,,,,,
340,,,,660,641,,,,,,,
341,,,,108,642,,,,,,,
342,,,,645,643,,,,,,,
343,,,,417,644,,,,,,,
344,,,,665,645,,,,,,,
345,,,,679,646,,,,,,,
346,,,,933,647,,,,,,,
347,,,,646,648,,,,,,,
348,,,,418,649,,,,,,,
349,,,,419,650,,,,,,,
350,,,,675,651,,,,,,,
351,,,,217,652,,,,,,,
352,,,,661,653,,,,,,,
353,,,,218,654,,,,,,,
354,,,,415,655,,,,,,,
355,,,,221,656,,,,,,,
356,,,,680,657,,,,,,,
357,,,,224,658,,,,,,,
358,,,,688,659,,,,,,,
359,,,,690,660,,,,,,,
360,,,,219,661,,,,,,,
361,,,,107,662,,,,,,,
362,,,,423,665,,,,,,,
363,,,,429,666,,,,,,,
364,,,,428,667,,,,,,,
365,,,,112,668,,,,,,,
366,,,,4,669,,,,,,,
367,,,,699,670,,,,,,,
368,,,,227,671,,,,,,,
369,,,,425,672,,,,,,,
370,,,,694,685,,,,,,,
371,,,,426,686,,,,,,,
372,,,,701,687,,,,,,,
373,,,,700,688,,,,,,,
374,,,,686,689,,,,,,,
375,,,,234,690,,,,,,,
376,,,,432,691,,,,,,,
377,,,,433,692,,,,,,,
378,,,,228,726,,,,,,,
379,,,,440,736,,,,,,,
380,,,,441,737,,,,,,,
381,,,,439,746,,,,,,,
382,,,,438,773,,,,,,,
383,,,,232,774,,,,,,,
384,,,,721,775,,,,,,,
385,,,,442,776,,,,,,,
386,,,,726,778,,,,,,,
387,,,,231,779,,,,,,,
388,,,,708,780,,,,,,,
389,,,,712,788,,,,,,,
390,,,,929,789,,,,,,,
391,,,,422,795,,,,,,,
392,,,,220,806,,,,,,,
393,,,,672,807,,,,,,,
394,,,,673,808,,,,,,,
395,,,,919,809,,,,,,,
396,,,,657,810,,,,,,,
397,,,,416,811,,,,,,,
398,,,,414,812,,,,,,,
399,,,,431,813,,,,,,,
400,,,,427,814,,,,,,,
401,,,,434,816,,,,,,,
402,,,,704,873,,,,,,,
403,,,,931,881,,,,,,,
404,,,,644,906,,,,,,,
405,,,,643,907,,,,,,,
406,,,,653,908,,,,,,,
407,,,,213,909,,,,,,,
408,,,,641,910,,,,,,,
409,,,,610,911,,,,,,,
410,,,,914,912,,,,,,,
411,,,,640,913,,,,,,,
412,,,,408,915,,,,,,,
413,,,,915,916,,,,,,,
414,,,,632,1001,,,,,,,
415,,,,404,1002,,,,,,,
416,,,,629,1003,,,,,,,
417,,,,908,1004,,,,,,,
418,,,,674,1005,,,,,,,
419,,,,667,1006,,,,,,,
420,,,,740,1007,,,,,,,
421,,,,454,1008,,,,,,,
422,,,,450,1009,,,,,,,
423,,,,406,1012,,,,,,,
424,,,,621,1013,,,,,,,
425,,,,628,1014,,,,,,,
426,,,,411,1015,,,,,,,
427,,,,435,1016,,,,,,,
428,,,,705,1018,,,,,,,
429,,,,658,1019,,,,,,,
430,,,,613,1021,,,,,,,
431,,,,682,1022,,,,,,,
432,,,,451,1024,,,,,,,
433,,,,922,1025,,,,,,,
434,,,,652,1026,,,,,,,
435,,,,695,1027,,,,,,,
436,,,,941,1028,,,,,,,
437,,,,677,1029,,,,,,,
438,,,,676,1031,,,,,,,
439,,,,678,1033,,,,,,,
440,,,,671,1034,,,,,,,
441,,,,693,1035,,,,,,,
442,,,,744,1036,,,,,,,
443,,,,748,1037,,,,,,,
444,,,,664,1038,,,,,,,
445,,,,421,1040,,,,,,,
446,,,,659,1041,,,,,,,
447,,,,702,1042,,,,,,,
448,,,,747,1043,,,,,,,
449,,,,714,1045,,,,,,,
450,,,,648,1046,,,,,,,
451,,,,649,1047,,,,,,,
452,,,,912,1048,,,,,,,
453,,,,924,1049,,,,,,,
454,,,,3601,1050,,,,,,,
455,,,,917,1055,,,,,,,
456,,,,3604,1057,,,,,,,
457,,,,654,1058,,,,,,,
458,,,,918,1059,,,,,,,
459,,,,656,1061,,,,,,,
460,,,,624,1062,,,,,,,
461,,,,626,1064,,,,,,,
462,,,,3803,1066,,,,,,,
463,,,,681,1067,,,,,,,
464,,,,730,1071,,,,,,,
465,,,,749,1072,,,,,,,
466,,,,745,1073,,,,,,,
467,,,,734,1075,,,,,,,
468,,,,729,1076,,,,,,,
469,,,,921,1077,,,,,,,
470,,,,713,1078,,,,,,,
471,,,,663,1079,,,,,,,
472,,,,662,1081,,,,,,,
473,,,,697,1083,,,,,,,
474,,,,717,1084,,,,,,,
475,,,,719,1085,,,,,,,
476,,,,716,1087,,,,,,,
477,,,,715,1088,,,,,,,
478,,,,725,1089,,,,,,,
479,,,,605,1090,,,,,,,
480,,,,607,1092,,,,,,,
481,,,,615,1093,,,,,,,
482,,,,733,1096,,,,,,,
483,,,,920,1098,,,,,,,
484,,,,913,1099,,,,,,,
485,,,,692,1101,,,,,,,
486,,,,691,1104,,,,,,,
487,,,,689,1105,,,,,,,
488,,,,706,1106,,,,,,,
489,,,,703,1107,,,,,,,
490,,,,655,1108,,,,,,,
491,,,,738,1109,,,,,,,
492,,,,618,1110,,,,,,,
493,,,,620,1111,,,,,,,
494,,,,934,1112,,,,,,,
495,,,,622,1113,,,,,,,
496,,,,696,1114,,,,,,,
497,,,,932,1117,,,,,,,
498,,,,752,1118,,,,,,,
499,,,,687,1119,,,,,,,
500,,,,684,1120,,,,,,,
501,,,,685,1121,,,,,,,
502,,,,750,1122,,,,,,,
503,,,,666,1124,,,,,,,
504,,,,731,1126,,,,,,,
505,,,,709,1128,,,,,,,
506,,,,937,1129,,,,,,,
507,,,,707,1131,,,,,,,
508,,,,711,1132,,,,,,,
509,,,,737,1133,,,,,,,
510,,,,935,1134,,,,,,,
511,,,,19513,1135,,,,,,,
512,,,,32010,1136,,,,,,,
513,,,,32120,1137,,,,,,,
514,,,,39617,1138,,,,,,,
515,,,,46404,1139,,,,,,,
516,,,,46407,1140,,,,,,,
517,,,,49047,1141,,,,,,,
518,,,,53370,1142,,,,,,,
519,,,,53844,1143,,,,,,,
520,,,,90750,1145,,,,,,,
521,,,,90752,1146,,,,,,,
522,,,,90753,1147,,,,,,,
523,,,,91017,1148,,,,,,,
524,,,,91018,1156,,,,,,,
525,,,,91019,1157,,,,,,,
526,,,,91028,1158,,,,,,,
527,,,,91382,1159,,,,,,,
528,,,,92297,1160,,,,,,,
529,,,,92311,1162,,,,,,,
530,,,,92319,1163,,,,,,,
531,,,,92407,1166,,,,,,,
532,,,,92412,1169,,,,,,,
533,,,,92414,1170,,,,,,,
534,,,,92507,1172,,,,,,,
535,,,,92508,1173,,,,,,,
536,,,,92521,1174,,,,,,,
537,,,,93301,1175,,,,,,,
538,,,,93303,1176,,,,,,,
539,,,,93308,1177,,,,,,,
540,,,,93309,1178,,,,,,,
541,,,,93641,1179,,,,,,,
542,,,,93703,1180,,,,,,,
543,,,,95710,1181,,,,,,,
544,,,,95711,1182,,,,,,,
545,,,,95771,1183,,,,,,,
546,,,,96005,1184,,,,,,,
547,,,,96100,1185,,,,,,,
548,,,,96408,1186,,,,,,,
549,,,,96410,1189,,,,,,,
550,,,,96898,1190,,,,,,,
551,,,,97347,1191,,,,,,,
552,,,,97527,1192,,,,,,,
553,,,,98704,1193,,,,,,,
554,,,,98805,1195,,,,,,,
555,,,,98809,1197,,,,,,,
556,,,,98811,1198,,,,,,,
557,,,,99068,1199,,,,,,,
558,,,,99403,1200,,,,,,,
559,,,,99578,1201,,,,,,,
560,,,,99618,1202,,,,,,,
561,,,,99621,1203,,,,,,,
562,,,,99639,1204,,,,,,,
563,,,,99674,1205,,,,,,,
564,,,,99675,1206,,,,,,,
565,,,,98702,1207,,,,,,,
566,,,,99902,1208,,,,,,,
567,,,,16,1210,,,,,,,
568,,,,1002,1211,,,,,,,
569,,,,1005,1212,,,,,,,
570,,,,1006,1213,,,,,,,
571,,,,1011,1214,,,,,,,
572,,,,1014,1215,,,,,,,
573,,,,1018,1217,,,,,,,
574,,,,1026,1218,,,,,,,
575,,,,1033,1219,,,,,,,
576,,,,1038,1220,,,,,,,
577,,,,1045,1222,,,,,,,
578,,,,1061,1223,,,,,,,
579,,,,2002,1224,,,,,,,
580,,,,2016,1225,,,,,,,
581,,,,2020,1227,,,,,,,
582,,,,2021,1230,,,,,,,
583,,,,2022,1231,,,,,,,
584,,,,2026,1232,,,,,,,
585,,,,2028,1233,,,,,,,
586,,,,2033,1234,,,,,,,
587,,,,2037,1235,,,,,,,
588,,,,2041,1236,,,,,,,
589,,,,2050,1237,,,,,,,
590,,,,2058,1238,,,,,,,
591,,,,2061,1239,,,,,,,
592,,,,2067,1240,,,,,,,
593,,,,2068,1241,,,,,,,
594,,,,2069,1242,,,,,,,
595,,,,2076,1243,,,,,,,
596,,,,2078,1245,,,,,,,
597,,,,2087,1246,,,,,,,
598,,,,2090,1247,,,,,,,
599,,,,2092,1248,,,,,,,
600,,,,2094,1249,,,,,,,
601,,,,2100,1254,,,,,,,
602,,,,2106,1255,,,,,,,
603,,,,2113,1256,,,,,,,
604,,,,3001,1257,,,,,,,
605,,,,3009,1258,,,,,,,
606,,,,3010,1259,,,,,,,
607,,,,3015,1260,,,,,,,
608,,,,3016,1261,,,,,,,
609,,,,3017,1262,,,,,,,
610,,,,3019,1263,,,,,,,
611,,,,3021,1264,,,,,,,
612,,,,3026,1265,,,,,,,
613,,,,3027,1266,,,,,,,
614,,,,3028,1267,,,,,,,
615,,,,3033,1268,,,,,,,
616,,,,3036,1269,,,,,,,
617,,,,3038,1270,,,,,,,
618,,,,3042,1272,,,,,,,
619,,,,3043,1273,,,,,,,
620,,,,3044,1274,,,,,,,
621,,,,3045,1275,,,,,,,
622,,,,3047,1276,,,,,,,
623,,,,3050,1277,,,,,,,
624,,,,3052,1278,,,,,,,
625,,,,3053,1279,,,,,,,
626,,,,3054,1280,,,,,,,
627,,,,3057,1281,,,,,,,
628,,,,3058,1284,,,,,,,
629,,,,3065,1285,,,,,,,
630,,,,3067,1286,,,,,,,
631,,,,3070,1287,,,,,,,
632,,,,3071,1288,,,,,,,
633,,,,3072,1289,,,,,,,
634,,,,3073,1290,,,,,,,
635,,,,3075,1291,,,,,,,
636,,,,3080,1292,,,,,,,
637,,,,3083,1294,,,,,,,
638,,,,3084,1295,,,,,,,
639,,,,3085,1296,,,,,,,
640,,,,3091,1298,,,,,,,
641,,,,3094,1299,,,,,,,
642,,,,3095,1301,,,,,,,
643,,,,3096,1302,,,,,,,
644,,,,3098,1303,,,,,,,
645,,,,3101,1304,,,,,,,
646,,,,3102,1305,,,,,,,
647,,,,3103,1306,,,,,,,
648,,,,3110,1307,,,,,,,
649,,,,3113,1308,,,,,,,
650,,,,3116,1309,,,,,,,
651,,,,3117,1310,,,,,,,
652,,,,3119,1311,,,,,,,
653,,,,3121,1312,,,,,,,
654,,,,3126,1313,,,,,,,
655,,,,4003,1314,,,,,,,
656,,,,4006,1315,,,,,,,
657,,,,4008,1316,,,,,,,
658,,,,4009,1317,,,,,,,
659,,,,4016,1318,,,,,,,
660,,,,4026,1319,,,,,,,
661,,,,4029,1320,,,,,,,
662,,,,4035,1321,,,,,,,
663,,,,4036,1322,,,,,,,
664,,,,4054,1323,,,,,,,
665,,,,4060,1324,,,,,,,
666,,,,4075,1325,,,,,,,
667,,,,4077,1327,,,,,,,
668,,,,4081,1328,,,,,,,
669,,,,4089,1329,,,,,,,
670,,,,5022,1330,,,,,,,
671,,,,5031,1331,,,,,,,
672,,,,5067,1332,,,,,,,
673,,,,5083,1333,,,,,,,
674,,,,5122,1334,,,,,,,
675,,,,5139,1337,,,,,,,
676,,,,5143,1340,,,,,,,
677,,,,5145,1341,,,,,,,
678,,,,5160,1345,,,,,,,
679,,,,6002,1346,,,,,,,
680,,,,6009,1347,,,,,,,
681,,,,6010,1348,,,,,,,
682,,,,6013,1349,,,,,,,
683,,,,6014,1350,,,,,,,
684,,,,6018,1351,,,,,,,
685,,,,6021,1352,,,,,,,
686,,,,6022,1353,,,,,,,
687,,,,6027,1354,,,,,,,
688,,,,6029,1355,,,,,,,
689,,,,6030,1356,,,,,,,
690,,,,6032,1357,,,,,,,
691,,,,6047,1358,,,,,,,
692,,,,6049,1359,,,,,,,
693,,,,6053,1360,,,,,,,
694,,,,6054,1362,,,,,,,
695,,,,6056,1363,,,,,,,
696,,,,6057,1364,,,,,,,
697,,,,6071,1366,,,,,,,
698,,,,6075,1367,,,,,,,
699,,,,6077,1368,,,,,,,
700,,,,6088,1369,,,,,,,
701,,,,6093,1370,,,,,,,
702,,,,6103,1371,,,,,,,
703,,,,6104,1372,,,,,,,
704,,,,6112,1373,,,,,,,
705,,,,6121,1374,,,,,,,
706,,,,6125,1375,,,,,,,
707,,,,6127,1376,,,,,,,
708,,,,6129,1378,,,,,,,
709,,,,6134,1379,,,,,,,
710,,,,6160,1380,,,,,,,
711,,,,6164,1381,,,,,,,
712,,,,6168,1383,,,,,,,
713,,,,6169,1384,,,,,,,
714,,,,7001,1385,,,,,,,
715,,,,7007,1388,,,,,,,
716,,,,7010,1390,,,,,,,
717,,,,7012,1393,,,,,,,
718,,,,7018,1394,,,,,,,
719,,,,7020,1396,,,,,,,
720,,,,7023,1397,,,,,,,
721,,,,8001,1398,,,,,,,
722,,,,8017,1399,,,,,,,
723,,,,8027,1400,,,,,,,
724,,,,8028,1404,,,,,,,
725,,,,8031,1405,,,,,,,
726,,,,8033,1406,,,,,,,
727,,,,8048,1407,,,,,,,
728,,,,8052,1408,,,,,,,
729,,,,8057,1411,,,,,,,
730,,,,8093,1412,,,,,,,
731,,,,8096,1413,,,,,,,
732,,,,9001,1417,,,,,,,
733,,,,9002,1418,,,,,,,
734,,,,9010,1419,,,,,,,
735,,,,9011,1422,,,,,,,
736,,,,9014,1423,,,,,,,
737,,,,9015,1426,,,,,,,
738,,,,9019,1427,,,,,,,
739,,,,9022,1428,,,,,,,
740,,,,9024,1429,,,,,,,
741,,,,9028,1430,,,,,,,
742,,,,9029,1431,,,,,,,
743,,,,9033,1432,,,,,,,
744,,,,9034,1433,,,,,,,
745,,,,9044,1436,,,,,,,
746,,,,9048,1437,,,,,,,
747,,,,9071,1438,,,,,,,
748,,,,9074,1439,,,,,,,
749,,,,9076,1441,,,,,,,
750,,,,9088,1444,,,,,,,
751,,,,9092,1445,,,,,,,
752,,,,9097,1447,,,,,,,
753,,,,9098,1448,,,,,,,
754,,,,9099,1453,,,,,,,
755,,,,9107,1454,,,,,,,
756,,,,9113,1455,,,,,,,
757,,,,9116,1457,,,,,,,
758,,,,9118,1458,,,,,,,
759,,,,9119,1466,,,,,,,
760,,,,9121,1470,,,,,,,
761,,,,9125,1471,,,,,,,
762,,,,9135,1473,,,,,,,
763,,,,9137,1475,,,,,,,
764,,,,9145,1476,,,,,,,
765,,,,9146,1479,,,,,,,
766,,,,9151,1481,,,,,,,
767,,,,9156,1486,,,,,,,
768,,,,9157,1488,,,,,,,
769,,,,9161,1490,,,,,,,
770,,,,9167,1495,,,,,,,
771,,,,9169,1503,,,,,,,
772,,,,9173,1504,,,,,,,
773,,,,9175,1509,,,,,,,
774,,,,9179,1510,,,,,,,
775,,,,9188,1511,,,,,,,
776,,,,9191,1512,,,,,,,
777,,,,9192,1514,,,,,,,
778,,,,9196,1525,,,,,,,
779,,,,9197,1528,,,,,,,
780,,,,9198,1529,,,,,,,
781,,,,9202,1541,,,,,,,
782,,,,9206,1543,,,,,,,
783,,,,9207,1550,,,,,,,
784,,,,9214,1605,,,,,,,
785,,,,10003,1633,,,,,,,
786,,,,10013,1636,,,,,,,
787,,,,11009,1640,,,,,,,
788,,,,11051,1670,,,,,,,
789,,,,12001,1684,,,,,,,
790,,,,12005,1694,,,,,,,
791,,,,12007,2117,,,,,,,
792,,,,12013,2202,,,,,,,
793,,,,12019,2204,,,,,,,
794,,,,12021,2215,,,,,,,
795,,,,12023,2237,,,,,,,
796,,,,12033,2302,,,,,,,
797,,,,12040,2346,,,,,,,
798,,,,12051,2402,,,,,,,
799,,,,13001,2412,,,,,,,
800,,,,13002,2427,,,,,,,
801,,,,13003,2501,,,,,,,
802,,,,13007,2506,,,,,,,
803,,,,13009,2507,,,,,,,
804,,,,13011,2515,,,,,,,
805,,,,14001,2517,,,,,,,
806,,,,14002,2703,,,,,,,
807,,,,14003,2704,,,,,,,
808,,,,14006,2805,,,,,,,
809,,,,14008,2807,,,,,,,
810,,,,14009,2912,,,,,,,
811,,,,14017,2915,,,,,,,
812,,,,14020,3105,,,,,,,
813,,,,14022,3559,,,,,,,
814,,,,14025,3601,,,,,,,
815,,,,14027,3602,,,,,,,
816,,,,14028,3604,,,,,,,
817,,,,14030,3610,,,,,,,
818,,,,14031,3611,,,,,,,
819,,,,15003,3617,,,,,,,
820,,,,15004,3619,,,,,,,
821,,,,15005,3621,,,,,,,
822,,,,15006,3721,,,,,,,
823,,,,15007,3726,,,,,,,
824,,,,15009,3803,,,,,,,
825,,,,15010,3909,,,,,,,
826,,,,15014,3921,,,,,,,
827,,,,15015,3927,,,,,,,
828,,,,15019,4006,,,,,,,
829,,,,15025,4104,,,,,,,
830,,,,15026,4109,,,,,,,
831,,,,15029,4116,,,,,,,
832,,,,15033,4118,,,,,,,
833,,,,15034,4120,,,,,,,
834,,,,15038,4121,,,,,,,
835,,,,15041,4123,,,,,,,
836,,,,15046,4206,,,,,,,
837,,,,15047,4207,,,,,,,
838,,,,15052,4306,,,,,,,
839,,,,15054,4326,,,,,,,
840,,,,15058,4815,,,,,,,
841,,,,15059,4910,,,,,,,
842,,,,15061,5404,,,,,,,
843,,,,15062,5407,,,,,,,
844,,,,15064,5514,,,,,,,
845,,,,15067,5614,,,,,,,
846,,,,15069,5621,,,,,,,
847,,,,15077,5630,,,,,,,
848,,,,15079,5637,,,,,,,
849,,,,15084,5640,,,,,,,
850,,,,15092,5645,,,,,,,
851,,,,15094,5672,,,,,,,
852,,,,15099,5677,,,,,,,
853,,,,15101,5702,,,,,,,
854,,,,15103,5723,,,,,,,
855,,,,15106,5733,,,,,,,
856,,,,15108,5736,,,,,,,
857,,,,15110,5740,,,,,,,
858,,,,15113,5831,,,,,,,
859,,,,15116,5899,,,,,,,
860,,,,16014,6105,,,,,,,
861,,,,16019,6109,,,,,,,
862,,,,16050,6223,,,,,,,
863,,,,16052,6251,,,,,,,
864,,,,16056,6252,,,,,,,
865,,,,16061,6260,,,,,,,
866,,,,16076,6276,,,,,,,
867,,,,16085,6301,,,,,,,
868,,,,16092,6303,,,,,,,
869,,,,16095,6304,,,,,,,
870,,,,16131,6643,,,,,,,
871,,,,16136,6727,,,,,,,
872,,,,16138,6805,,,,,,,
873,,,,16146,6807,,,,,,,
874,,,,16157,6831,,,,,,,
875,,,,16176,6838,,,,,,,
876,,,,17003,6840,,,,,,,
877,,,,17004,6845,,,,,,,
878,,,,17009,6848,,,,,,,
879,,,,17011,6904,,,,,,,
880,,,,17017,6924,,,,,,,
881,,,,17018,7206,,,,,,,
882,,,,17022,7207,,,,,,,
883,,,,17027,7208,,,,,,,
884,,,,17028,7233,,,,,,,
885,,,,17030,7460,,,,,,,
886,,,,17031,7495,,,,,,,
887,,,,17033,7709,,,,,,,
888,,,,17035,7912,,,,,,,
889,,,,17047,7919,,,,,,,
890,,,,17052,7949,,,,,,,
891,,,,17055,7951,,,,,,,
892,,,,17064,8115,,,,,,,
893,,,,17073,8208,,,,,,,
894,,,,17075,8209,,,,,,,
895,,,,17076,8615,,,,,,,
896,,,,17082,8616,,,,,,,
897,,,,17084,8710,,,,,,,
898,,,,17085,8801,,,,,,,
899,,,,17087,9006,,,,,,,
900,,,,17089,9013,,,,,,,
901,,,,17090,9017,,,,,,,
902,,,,17094,9042,,,,,,,
903,,,,17096,19513,,,,,,,
904,,,,17098,32010,,,,,,,
905,,,,17101,32120,,,,,,,
906,,,,18001,39617,,,,,,,
907,,,,18002,46404,,,,,,,
908,,,,18003,46407,,,,,,,
909,,,,18005,49047,,,,,,,
910,,,,18007,53370,,,,,,,
911,,,,18009,53844,,,,,,,
912,,,,18010,90750,,,,,,,
913,,,,18011,90752,,,,,,,
914,,,,18016,90753,,,,,,,
915,,,,18018,91017,,,,,,,
916,,,,18021,91018,,,,,,,
917,,,,18023,91019,,,,,,,
918,,,,18025,91028,,,,,,,
919,,,,18028,91382,,,,,,,
920,,,,18029,92297,,,,,,,
921,,,,18030,92311,,,,,,,
922,,,,18032,92319,,,,,,,
923,,,,18033,92407,,,,,,,
924,,,,18040,92412,,,,,,,
925,,,,18043,92414,,,,,,,
926,,,,18045,92507,,,,,,,
927,,,,18047,92508,,,,,,,
928,,,,18052,92521,,,,,,,
929,,,,18059,93301,,,,,,,
930,,,,18060,93303,,,,,,,
931,,,,18061,93308,,,,,,,
932,,,,18062,93309,,,,,,,
933,,,,18065,93641,,,,,,,
934,,,,18066,93703,,,,,,,
935,,,,18067,95710,,,,,,,
936,,,,18069,95711,,,,,,,
937,,,,18072,95771,,,,,,,
938,,,,18075,96005,,,,,,,
939,,,,18077,96100,,,,,,,
940,,,,18078,96408,,,,,,,
941,,,,18079,96410,,,,,,,
942,,,,18081,96898,,,,,,,
943,,,,18082,97347,,,,,,,
944,,,,18084,97725,,,,,,,
945,,,,18085,98704,,,,,,,
946,,,,18087,98805,,,,,,,
947,,,,18091,98809,,,,,,,
948,,,,18095,98811,,,,,,,
949,,,,18097,99068,,,,,,,
950,,,,18101,99403,,,,,,,
951,,,,18102,99578,,,,,,,
952,,,,18105,99618,,,,,,,
953,,,,18106,99621,,,,,,,
954,,,,18111,99639,,,,,,,
955,,,,18114,99674,,,,,,,
956,,,,18116,99675,,,,,,,
957,,,,18117,99702,,,,,,,
958,,,,18119,99902,,,,,,,
959,,,,18120,59,,,,,,,
960,,,,19004,63,,,,,,,
961,,,,19005,64,,,,,,,
962,,,,19008,70,,,,,,,
963,,,,19017,73,,,,,,,
964,,,,19025,74,,,,,,,
965,,,,19032,75,,,,,,,
966,,,,19035,76,,,,,,,
967,,,,19038,77,,,,,,,
968,,,,19043,78,,,,,,,
969,,,,19046,79,,,,,,,
970,,,,19050,80,,,,,,,
971,,,,19070,81,,,,,,,
972,,,,19094,82,,,,,,,
973,,,,19118,83,,,,,,,
974,,,,19120,84,,,,,,,
975,,,,19126,94,,,,,,,
976,,,,19127,95,,,,,,,
977,,,,19140,96,,,,,,,
978,,,,19144,97,,,,,,,
979,,,,19145,98,,,,,,,
980,,,,19146,99,,,,,,,
981,,,,19150,100,,,,,,,
982,,,,19152,104,,,,,,,
983,,,,19157,112,,,,,,,
984,,,,19162,114,,,,,,,
985,,,,19168,120,,,,,,,
986,,,,19169,122,,,,,,,
987,,,,19172,125,,,,,,,
988,,,,19182,126,,,,,,,
989,,,,20003,130,,,,,,,
990,,,,20013,131,,,,,,,
991,,,,20018,135,,,,,,,
992,,,,20024,140,,,,,,,
993,,,,20033,141,,,,,,,
994,,,,20043,143,,,,,,,
995,,,,20045,150,,,,,,,
996,,,,20047,152,,,,,,,
997,,,,20053,153,,,,,,,
998,,,,20068,156,,,,,,,
999,,,,20071,160,,,,,,,
1000,,,,20074,162,,,,,,,
1001,,,,20084,164,,,,,,,
1002,,,,20098,165,,,,,,,
1003,,,,20102,166,,,,,,,
1004,,,,20105,169,,,,,,,
1005,,,,20110,171,,,,,,,
1006,,,,20113,172,,,,,,,
1007,,,,21003,173,,,,,,,
1008,,,,21004,174,,,,,,,
1009,,,,21005,176,,,,,,,
1010,,,,21007,177,,,,,,,
1011,,,,21010,183,,,,,,,
1012,,,,21011,189,,,,,,,
1013,,,,21017,194,,,,,,,
1014,,,,21023,196,,,,,,,
1015,,,,21028,197,,,,,,,
1016,,,,21029,198,,,,,,,
1017,,,,21030,200,,,,,,,
1018,,,,21031,209,,,,,,,
1019,,,,21037,222,,,,,,,
1020,,,,21040,226,,,,,,,
1021,,,,21045,251,,,,,,,
1022,,,,21048,260,,,,,,,
1023,,,,21049,269,,,,,,,
1024,,,,21052,270,,,,,,,
1025,,,,21054,279,,,,,,,
1026,,,,21055,283,,,,,,,
1027,,,,21057,288,,,,,,,
1028,,,,21058,297,,,,,,,
1029,,,,21059,299,,,,,,,
1030,,,,21063,325,,,,,,,
1031,,,,21064,329,,,,,,,
1032,,,,21068,337,,,,,,,
1033,,,,21069,369,,,,,,,
1034,,,,21070,371,,,,,,,
1035,,,,21071,372,,,,,,,
1036,,,,21072,383,,,,,,,
1037,,,,21073,384,,,,,,,
1038,,,,21075,394,,,,,,,
1039,,,,21078,397,,,,,,,
1040,,,,22007,400,,,,,,,
1041,,,,22009,402,,,,,,,
1042,,,,22015,414,,,,,,,
1043,,,,22016,415,,,,,,,
1044,,,,22024,417,,,,,,,
1045,,,,22034,418,,,,,,,
1046,,,,22037,420,,,,,,,
1047,,,,23004,432,,,,,,,
1048,,,,23008,439,,,,,,,
1049,,,,23013,450,,,,,,,
1050,,,,23023,453,,,,,,,
1051,,,,23034,454,,,,,,,
1052,,,,23042,455,,,,,,,
1053,,,,23043,456,,,,,,,
1054,,,,23056,459,,,,,,,
1055,,,,23058,465,,,,,,,
1056,,,,23062,467,,,,,,,
1057,,,,23068,470,,,,,,,
1058,,,,23070,473,,,,,,,
1059,,,,23075,485,,,,,,,
1060,,,,23076,486,,,,,,,
1061,,,,23088,487,,,,,,,
1062,,,,23089,488,,,,,,,
1063,,,,23102,494,,,,,,,
1064,,,,23109,500,,,,,,,
1065,,,,23116,502,,,,,,,
1066,,,,23119,503,,,,,,,
1067,,,,23136,504,,,,,,,
1068,,,,23137,514,,,,,,,
1069,,,,23138,516,,,,,,,
1070,,,,23148,520,,,,,,,
1071,,,,23155,524,,,,,,,
1072,,,,23158,526,,,,,,,
1073,,,,23164,529,,,,,,,
1074,,,,24001,534,,,,,,,
1075,,,,24005,535,,,,,,,
1076,,,,24019,536,,,,,,,
1077,,,,24020,538,,,,,,,
1078,,,,26001,544,,,,,,,
1079,,,,26007,553,,,,,,,
1080,,,,26013,555,,,,,,,
1081,,,,26015,556,,,,,,,
1082,,,,26017,557,,,,,,,
1083,,,,26019,558,,,,,,,
1084,,,,26030,559,,,,,,,
1085,,,,26034,561,,,,,,,
1086,,,,26035,564,,,,,,,
1087,,,,26043,574,,,,,,,
1088,,,,26058,576,,,,,,,
1089,,,,27002,581,,,,,,,
1090,,,,27007,584,,,,,,,
1091,,,,27015,586,,,,,,,
1092,,,,27016,588,,,,,,,
1093,,,,27018,594,,,,,,,
1094,,,,27020,600,,,,,,,
1095,,,,27026,612,,,,,,,
1096,,,,27028,676,,,,,,,
1097,,,,27029,679,,,,,,,
1098,,,,27031,683,,,,,,,
1099,,,,27032,694,,,,,,,
1100,,,,27034,695,,,,,,,
1101,,,,27035,697,,,,,,,
1102,,,,27036,698,,,,,,,
1103,,,,27037,703,,,,,,,
1104,,,,27048,705,,,,,,,
1105,,,,27050,708,,,,,,,
1106,,,,27051,717,,,,,,,
1107,,,,27052,990,,,,,,,
1108,,,,27053,1534,,,,,,,
1109,,,,27054,1544,,,,,,,
1110,,,,27057,1547,,,,,,,
1111,,,,27059,1569,,,,,,,
1112,,,,27060,1572,,,,,,,
1113,,,,27061,1574,,,,,,,
1114,,,,27062,1575,,,,,,,
1115,,,,28010,18002,,,,,,,
1116,,,,28011,18004,,,,,,,
1117,,,,28020,18008,,,,,,,
1118,,,,28033,21532,,,,,,,
1119,,,,28035,24003,,,,,,,
1120,,,,28037,24013,,,,,,,
1121,,,,28039,24014,,,,,,,
1122,,,,28045,24019,,,,,,,
1123,,,,28051,24020,,,,,,,
1124,,,,28060,24022,,,,,,,
1125,,,,28061,24024,,,,,,,
1126,,,,28071,24034,,,,,,,
1127,,,,28079,24039,,,,,,,
1128,,,,28080,24043,,,,,,,
1129,,,,28083,24044,,,,,,,
1130,,,,28085,24052,,,,,,,
1131,,,,28100,24055,,,,,,,
1132,,,,28111,24056,,,,,,,
1133,,,,28112,24057,,,,,,,
1134,,,,28113,24058,,,,,,,
1135,,,,28117,24061,,,,,,,
1136,,,,28121,24068,,,,,,,
1137,,,,28124,24069,,,,,,,
1138,,,,28126,24070,,,,,,,
1139,,,,28127,24071,,,,,,,
1140,,,,28135,24075,,,,,,,
1141,,,,28136,24077,,,,,,,
1142,,,,28151,24078,,,,,,,
1143,,,,28152,24083,,,,,,,
1144,,,,28158,24088,,,,,,,
1145,,,,28161,24089,,,,,,,
1146,,,,28165,24091,,,,,,,
1147,,,,28172,24097,,,,,,,
1148,,,,28173,24099,,,,,,,
1149,,,,28179,24100,,,,,,,
1150,,,,28180,24105,,,,,,,
1151,,,,28185,24106,,,,,,,
1152,,,,28188,24111,,,,,,,
1153,,,,28192,24112,,,,,,,
1154,,,,28193,24113,,,,,,,
1155,,,,28194,24114,,,,,,,
1156,,,,29002,24115,,,,,,,
1157,,,,29059,24120,,,,,,,
1158,,,,30010,24121,,,,,,,
1159,,,,30012,24122,,,,,,,
1160,,,,30016,24125,,,,,,,
1161,,,,30018,24129,,,,,,,
1162,,,,30021,24131,,,,,,,
1163,,,,30022,24132,,,,,,,
1164,,,,34012,24133,,,,,,,
1165,,,,34057,24134,,,,,,,
1166,,,,35018,24137,,,,,,,
1167,,,,35023,24143,,,,,,,
1168,,,,35027,24146,,,,,,,
1169,,,,35035,24147,,,,,,,
1170,,,,35038,24148,,,,,,,
1171,,,,35040,24152,,,,,,,
1172,,,,35041,24153,,,,,,,
1173,,,,35046,24160,,,,,,,
1174,,,,35048,24164,,,,,,,
1175,,,,35056,24165,,,,,,,
1176,,,,35060,24166,,,,,,,
1177,,,,36006,24176,,,,,,,
1178,,,,36008,24177,,,,,,,
1179,,,,36009,24180,,,,,,,
1180,,,,36016,24183,,,,,,,
1181,,,,36022,24190,,,,,,,
1182,,,,36023,24194,,,,,,,
1183,,,,36024,24197,,,,,,,
1184,,,,36031,24208,,,,,,,
1185,,,,36036,24209,,,,,,,
1186,,,,36041,24213,,,,,,,
1187,,,,36044,24215,,,,,,,
1188,,,,36053,24219,,,,,,,
1189,,,,36061,24228,,,,,,,
1190,,,,36062,24242,,,,,,,
1191,,,,36063,24243,,,,,,,
1192,,,,36083,24244,,,,,,,
1193,,,,36085,24258,,,,,,,
1194,,,,36088,24268,,,,,,,
1195,,,,36093,24269,,,,,,,
1196,,,,36099,24272,,,,,,,
1197,,,,36100,24280,,,,,,,
1198,,,,36106,24281,,,,,,,
1199,,,,36107,24282,,,,,,,
1200,,,,36109,24300,,,,,,,
1201,,,,36115,25004,,,,,,,
1202,,,,36117,25005,,,,,,,
1203,,,,36118,25007,,,,,,,
1204,,,,36125,25009,,,,,,,
1205,,,,36128,25014,,,,,,,
1206,,,,36129,25018,,,,,,,
1207,,,,36132,25025,,,,,,,
1208,,,,36134,25028,,,,,,,
1209,,,,37002,25029,,,,,,,
1210,,,,37005,25030,,,,,,,
1211,,,,37011,25037,,,,,,,
1212,,,,37012,25040,,,,,,,
1213,,,,37013,25041,,,,,,,
1214,,,,37016,25042,,,,,,,
1215,,,,37021,25044,,,,,,,
1216,,,,37022,25046,,,,,,,
1217,,,,37025,25048,,,,,,,
1218,,,,37028,25050,,,,,,,
1219,,,,37037,25053,,,,,,,
1220,,,,37039,25056,,,,,,,
1221,,,,37044,25065,,,,,,,
1222,,,,37051,25068,,,,,,,
1223,,,,37053,25073,,,,,,,
1224,,,,37061,25074,,,,,,,
1225,,,,37062,25076,,,,,,,
1226,,,,37064,25078,,,,,,,
1227,,,,37069,25079,,,,,,,
1228,,,,37080,25085,,,,,,,
1229,,,,37083,25091,,,,,,,
1230,,,,37091,25092,,,,,,,
1231,,,,37092,25094,,,,,,,
1232,,,,37105,25099,,,,,,,
1233,,,,37107,25100,,,,,,,
1234,,,,37108,25107,,,,,,,
1235,,,,37119,25109,,,,,,,
1236,,,,37128,25115,,,,,,,
1237,,,,37153,25120,,,,,,,
1238,,,,38003,25121,,,,,,,
1239,,,,38006,25123,,,,,,,
1240,,,,38015,25124,,,,,,,
1241,,,,38018,25125,,,,,,,
1242,,,,38024,25127,,,,,,,
1243,,,,38036,25130,,,,,,,
1244,,,,38038,25131,,,,,,,
1245,,,,38043,25133,,,,,,,
1246,,,,38059,25134,,,,,,,
1247,,,,38074,25135,,,,,,,
1248,,,,38075,25136,,,,,,,
1249,,,,38091,25141,,,,,,,
1250,,,,38099,25143,,,,,,,
1251,,,,38100,25144,,,,,,,
1252,,,,38116,25145,,,,,,,
1253,,,,38117,25149,,,,,,,
1254,,,,38121,25153,,,,,,,
1255,,,,38122,25155,,,,,,,
1256,,,,38126,25156,,,,,,,
1257,,,,38140,25161,,,,,,,
1258,,,,38150,25162,,,,,,,
1259,,,,38165,25164,,,,,,,
1260,,,,38167,25166,,,,,,,
1261,,,,38170,25169,,,,,,,
1262,,,,38193,25170,,,,,,,
1263,,,,38217,25171,,,,,,,
1264,,,,38220,25172,,,,,,,
1265,,,,38221,25173,,,,,,,
1266,,,,38233,25175,,,,,,,
1267,,,,38237,25177,,,,,,,
1268,,,,38241,25178,,,,,,,
1269,,,,38243,25181,,,,,,,
1270,,,,38248,25186,,,,,,,
1271,,,,38249,25187,,,,,,,
1272,,,,38251,25189,,,,,,,
1273,,,,38255,25192,,,,,,,
1274,,,,38258,25193,,,,,,,
1275,,,,38265,25196,,,,,,,
1276,,,,38269,25197,,,,,,,
1277,,,,38271,25198,,,,,,,
1278,,,,38275,25199,,,,,,,
1279,,,,38278,25205,,,,,,,
1280,,,,38281,25211,,,,,,,
1281,,,,38285,25216,,,,,,,
1282,,,,38287,25222,,,,,,,
1283,,,,38290,25227,,,,,,,
1284,,,,38291,25228,,,,,,,
1285,,,,38292,25230,,,,,,,
1286,,,,38302,25232,,,,,,,
1287,,,,38305,25233,,,,,,,
1288,,,,38307,25476,,,,,,,
1289,,,,38309,26005,,,,,,,
1290,,,,38310,26007,,,,,,,
1291,,,,38319,26009,,,,,,,
1292,,,,38320,26010,,,,,,,
1293,,,,38322,26012,,,,,,,
1294,,,,38344,26013,,,,,,,
1295,,,,38345,26016,,,,,,,
1296,,,,38346,26017,,,,,,,
1297,,,,38349,26018,,,,,,,
1298,,,,39002,26022,,,,,,,
1299,,,,39004,26025,,,,,,,
1300,,,,39008,26026,,,,,,,
1301,,,,39009,26027,,,,,,,
1302,,,,39012,26032,,,,,,,
1303,,,,39014,26034,,,,,,,
1304,,,,39015,26036,,,,,,,
1305,,,,39017,26040,,,,,,,
1306,,,,39019,26043,,,,,,,
1307,,,,39020,26046,,,,,,,
1308,,,,39022,26048,,,,,,,
1309,,,,39023,26050,,,,,,,
1310,,,,39025,26052,,,,,,,
1311,,,,39027,26055,,,,,,,
1312,,,,39028,26056,,,,,,,
1313,,,,39032,26060,,,,,,,
1314,,,,39039,26068,,,,,,,
1315,,,,39042,26070,,,,,,,
1316,,,,39045,26071,,,,,,,
1317,,,,39051,26072,,,,,,,
1318,,,,39053,26076,,,,,,,
1319,,,,39058,26080,,,,,,,
1320,,,,39059,26085,,,,,,,
1321,,,,39063,26093,,,,,,,
1322,,,,39064,26098,,,,,,,
1323,,,,39067,26099,,,,,,,
1324,,,,39071,26100,,,,,,,
1325,,,,39074,26101,,,,,,,
1326,,,,39077,26104,,,,,,,
1327,,,,40003,26105,,,,,,,
1328,,,,40005,26107,,,,,,,
1329,,,,40008,26110,,,,,,,
1330,,,,40009,26111,,,,,,,
1331,,,,40010,26112,,,,,,,
1332,,,,40011,26113,,,,,,,
1333,,,,41001,26114,,,,,,,
1334,,,,41011,26115,,,,,,,
1335,,,,41015,26116,,,,,,,
1336,,,,41019,26117,,,,,,,
1337,,,,41027,26118,,,,,,,
1338,,,,41031,26120,,,,,,,
1339,,,,41032,26124,,,,,,,
1340,,,,41037,26128,,,,,,,
1341,,,,41045,26130,,,,,,,
1342,,,,41061,26135,,,,,,,
1343,,,,41064,26137,,,,,,,
1344,,,,41065,26138,,,,,,,
1345,,,,42002,26139,,,,,,,
1346,,,,42009,26141,,,,,,,
1347,,,,42011,26142,,,,,,,
1348,,,,42013,26143,,,,,,,
1349,,,,42015,26144,,,,,,,
1350,,,,42018,26149,,,,,,,
1351,,,,42019,26153,,,,,,,
1352,,,,42020,26154,,,,,,,
1353,,,,42027,26156,,,,,,,
1354,,,,42028,26159,,,,,,,
1355,,,,42030,26169,,,,,,,
1356,,,,42033,26171,,,,,,,
1357,,,,42038,26172,,,,,,,
1358,,,,42043,26184,,,,,,,
1359,,,,42045,26186,,,,,,,
1360,,,,42046,26199,,,,,,,
1361,,,,42050,26200,,,,,,,
1362,,,,42051,26202,,,,,,,
1363,,,,42054,26203,,,,,,,
1364,,,,42056,26204,,,,,,,
1365,,,,42057,26205,,,,,,,
1366,,,,42058,26210,,,,,,,
1367,,,,42059,26212,,,,,,,
1368,,,,42063,26214,,,,,,,
1369,,,,42064,26233,,,,,,,
1370,,,,42066,26237,,,,,,,
1371,,,,42068,26239,,,,,,,
1372,,,,42069,26242,,,,,,,
1373,,,,42070,26243,,,,,,,
1374,,,,42073,26246,,,,,,,
1375,,,,42074,26250,,,,,,,
1376,,,,42075,26253,,,,,,,
1377,,,,42077,26265,,,,,,,
1378,,,,42082,26268,,,,,,,
1379,,,,42083,26270,,,,,,,
1380,,,,42084,26271,,,,,,,
1381,,,,42085,26276,,,,,,,
1382,,,,42086,26278,,,,,,,
1383,,,,42087,26288,,,,,,,
1384,,,,42089,27003,,,,,,,
1385,,,,42092,27004,,,,,,,
1386,,,,42094,27005,,,,,,,
1387,,,,42095,27007,,,,,,,
1388,,,,42097,27011,,,,,,,
1389,,,,42099,27012,,,,,,,
1390,,,,42103,27015,,,,,,,
1391,,,,42104,27016,,,,,,,
1392,,,,42106,27019,,,,,,,
1393,,,,42107,27021,,,,,,,
1394,,,,42108,27022,,,,,,,
1395,,,,42109,27023,,,,,,,
1396,,,,42110,27027,,,,,,,
1397,,,,42112,27032,,,,,,,
1398,,,,42115,27034,,,,,,,
1399,,,,42116,27036,,,,,,,
1400,,,,42117,27037,,,,,,,
1401,,,,42118,27038,,,,,,,
1402,,,,42119,27039,,,,,,,
1403,,,,42122,27046,,,,,,,
1404,,,,42123,27048,,,,,,,
1405,,,,42124,27052,,,,,,,
1406,,,,42125,27053,,,,,,,
1407,,,,42129,27054,,,,,,,
1408,,,,42133,27056,,,,,,,
1409,,,,42136,27057,,,,,,,
1410,,,,42138,27064,,,,,,,
1411,,,,42143,27069,,,,,,,
1412,,,,42144,27073,,,,,,,
1413,,,,42147,27074,,,,,,,
1414,,,,42148,27075,,,,,,,
1415,,,,42149,27081,,,,,,,
1416,,,,42154,27084,,,,,,,
1417,,,,42156,27085,,,,,,,
1418,,,,42162,27088,,,,,,,
1419,,,,42164,27089,,,,,,,
1420,,,,42165,27091,,,,,,,
1421,,,,42169,27092,,,,,,,
1422,,,,42170,27093,,,,,,,
1423,,,,42171,27098,,,,,,,
1424,,,,42173,27105,,,,,,,
1425,,,,42176,27108,,,,,,,
1426,,,,42181,27109,,,,,,,
1427,,,,42183,27110,,,,,,,
1428,,,,42184,27111,,,,,,,
1429,,,,42186,27112,,,,,,,
1430,,,,42187,27116,,,,,,,
1431,,,,42189,27118,,,,,,,
1432,,,,42192,27122,,,,,,,
1433,,,,42193,27124,,,,,,,
1434,,,,42194,27128,,,,,,,
1435,,,,42196,27130,,,,,,,
1436,,,,42197,27133,,,,,,,
1437,,,,42198,27147,,,,,,,
1438,,,,42199,27159,,,,,,,
1439,,,,42203,27164,,,,,,,
1440,,,,42206,27169,,,,,,,
1441,,,,42207,27176,,,,,,,
1442,,,,42209,27177,,,,,,,
1443,,,,42210,27193,,,,,,,
1444,,,,42221,27195,,,,,,,
1445,,,,42223,27198,,,,,,,
1446,,,,42224,27200,,,,,,,
1447,,,,43005,27214,,,,,,,
1448,,,,43008,27217,,,,,,,
1449,,,,43021,27228,,,,,,,
1450,,,,43024,27238,,,,,,,
1451,,,,43027,27244,,,,,,,
1452,,,,43033,27251,,,,,,,
1453,,,,43034,27261,,,,,,,
1454,,,,43040,27270,,,,,,,
1455,,,,44001,27286,,,,,,,
1456,,,,44004,27302,,,,,,,
1457,,,,44005,27305,,,,,,,
1458,,,,44018,27306,,,,,,,
1459,,,,44022,27315,,,,,,,
1460,,,,44028,27321,,,,,,,
1461,,,,44030,27356,,,,,,,
1462,,,,44035,27359,,,,,,,
1463,,,,44040,27361,,,,,,,
1464,,,,44050,27362,,,,,,,
1465,,,,44052,27371,,,,,,,
1466,,,,44057,27372,,,,,,,
1467,,,,44064,27374,,,,,,,
1468,,,,44070,27375,,,,,,,
1469,,,,44072,27377,,,,,,,
1470,,,,44073,27378,,,,,,,
1471,,,,44075,27379,,,,,,,
1472,,,,44076,27381,,,,,,,
1473,,,,44079,27382,,,,,,,
1474,,,,44088,27386,,,,,,,
1475,,,,44092,27394,,,,,,,
1476,,,,44096,27398,,,,,,,
1477,,,,45003,27407,,,,,,,
1478,,,,45007,27422,,,,,,,
1479,,,,45009,27423,,,,,,,
1480,,,,45013,27432,,,,,,,
1481,,,,45014,27434,,,,,,,
1482,,,,45015,27439,,,,,,,
1483,,,,45025,27440,,,,,,,
1484,,,,45028,28001,,,,,,,
1485,,,,45032,28003,,,,,,,
1486,,,,45041,28006,,,,,,,
1487,,,,46004,28012,,,,,,,
1488,,,,46021,28016,,,,,,,
1489,,,,46022,28017,,,,,,,
1490,,,,46028,28018,,,,,,,
1491,,,,46029,28019,,,,,,,
1492,,,,46045,28022,,,,,,,
1493,,,,46057,28023,,,,,,,
1494,,,,46058,28024,,,,,,,
1495,,,,46060,28025,,,,,,,
1496,,,,46074,28028,,,,,,,
1497,,,,46088,28029,,,,,,,
1498,,,,46089,28033,,,,,,,
1499,,,,47002,28035,,,,,,,
1500,,,,47004,28038,,,,,,,
1501,,,,47005,28044,,,,,,,
1502,,,,47006,28045,,,,,,,
1503,,,,47015,28053,,,,,,,
1504,,,,47016,28055,,,,,,,
1505,,,,47023,28058,,,,,,,
1506,,,,47027,28062,,,,,,,
1507,,,,47033,28065,,,,,,,
1508,,,,47047,28066,,,,,,,
1509,,,,47050,28067,,,,,,,
1510,,,,47053,28069,,,,,,,
1511,,,,47058,28072,,,,,,,
1512,,,,47061,28073,,,,,,,
1513,,,,47066,28077,,,,,,,
1514,,,,47071,28080,,,,,,,
1515,,,,47073,28083,,,,,,,
1516,,,,47077,28085,,,,,,,
1517,,,,47079,28090,,,,,,,
1518,,,,47086,28093,,,,,,,
1519,,,,47096,28098,,,,,,,
1520,,,,47102,28100,,,,,,,
1521,,,,47108,28109,,,,,,,
1522,,,,47110,28120,,,,,,,
1523,,,,47113,28121,,,,,,,
1524,,,,47120,28127,,,,,,,
1525,,,,47124,28131,,,,,,,
1526,,,,48015,28135,,,,,,,
1527,,,,48018,28136,,,,,,,
1528,,,,48029,28138,,,,,,,
1529,,,,48059,28140,,,,,,,
1530,,,,48063,28149,,,,,,,
1531,,,,48074,28151,,,,,,,
1532,,,,48076,28156,,,,,,,
1533,,,,48078,28158,,,,,,,
1534,,,,48111,28170,,,,,,,
1535,,,,48136,28175,,,,,,,
1536,,,,48144,28176,,,,,,,
1537,,,,48152,28179,,,,,,,
1538,,,,49002,28180,,,,,,,
1539,,,,49003,28182,,,,,,,
1540,,,,49005,28185,,,,,,,
1541,,,,49006,28190,,,,,,,
1542,,,,49008,28217,,,,,,,
1543,,,,49012,28223,,,,,,,
1544,,,,49014,28224,,,,,,,
1545,,,,49015,28229,,,,,,,
1546,,,,49016,28231,,,,,,,
1547,,,,49022,28233,,,,,,,
1548,,,,49024,28234,,,,,,,
1549,,,,49028,28241,,,,,,,
1550,,,,49030,28243,,,,,,,
1551,,,,50002,28245,,,,,,,
1552,,,,50003,28246,,,,,,,
1553,,,,50004,28249,,,,,,,
1554,,,,50006,28250,,,,,,,
1555,,,,50007,28269,,,,,,,
1556,,,,50008,28292,,,,,,,
1557,,,,50010,28293,,,,,,,
1558,,,,50011,28303,,,,,,,
1559,,,,50012,28306,,,,,,,
1560,,,,50013,28307,,,,,,,
1561,,,,50014,28311,,,,,,,
1562,,,,50017,28313,,,,,,,
1563,,,,50018,28318,,,,,,,
1564,,,,50019,28325,,,,,,,
1565,,,,50023,28326,,,,,,,
1566,,,,50024,28346,,,,,,,
1567,,,,50025,28349,,,,,,,
1568,,,,50026,28363,,,,,,,
1569,,,,50028,28365,,,,,,,
1570,,,,50029,28386,,,,,,,
1571,,,,50032,28389,,,,,,,
1572,,,,50034,28410,,,,,,,
1573,,,,50036,28413,,,,,,,
1574,,,,50038,28414,,,,,,,
1575,,,,50039,28422,,,,,,,
1576,,,,50040,28501,,,,,,,
1577,,,,50044,28589,,,,,,,
1578,,,,50045,64008,,,,,,,
1579,,,,50046,,,,,,,,
1580,,,,50047,,,,,,,,
1581,,,,50050,,,,,,,,
1582,,,,50051,,,,,,,,
1583,,,,50053,,,,,,,,
1584,,,,50055,,,,,,,,
1585,,,,50057,,,,,,,,
1586,,,,50060,,,,,,,,
1587,,,,50063,,,,,,,,
1588,,,,50067,,,,,,,,
1589,,,,50068,,,,,,,,
1590,,,,50071,,,,,,,,
1591,,,,50072,,,,,,,,
1592,,,,50075,,,,,,,,
1593,,,,50076,,,,,,,,
1594,,,,50078,,,,,,,,
1595,,,,50084,,,,,,,,
1596,,,,50088,,,,,,,,
1597,,,,50089,,,,,,,,
1598,,,,50090,,,,,,,,
1599,,,,50091,,,,,,,,
1600,,,,50093,,,,,,,,
1601,,,,50094,,,,,,,,
1602,,,,50098,,,,,,,,
1603,,,,50099,,,,,,,,
1604,,,,50107,,,,,,,,
1605,,,,50111,,,,,,,,
1606,,,,50112,,,,,,,,
1607,,,,50114,,,,,,,,
1608,,,,50116,,,,,,,,
1609,,,,50117,,,,,,,,
1610,,,,50118,,,,,,,,
1611,,,,50119,,,,,,,,
1612,,,,50120,,,,,,,,
1613,,,,50121,,,,,,,,
1614,,,,50123,,,,,,,,
1615,,,,50125,,,,,,,,
1616,,,,50126,,,,,,,,
1617,,,,50129,,,,,,,,
1618,,,,50130,,,,,,,,
1619,,,,50132,,,,,,,,
1620,,,,51004,,,,,,,,
1621,,,,51005,,,,,,,,
1622,,,,51007,,,,,,,,
1623,,,,51010,,,,,,,,
1624,,,,51011,,,,,,,,
1625,,,,51012,,,,,,,,
1626,,,,51013,,,,,,,,
1627,,,,51014,,,,,,,,
1628,,,,51017,,,,,,,,
1629,,,,51018,,,,,,,,
1630,,,,51019,,,,,,,,
1631,,,,51020,,,,,,,,
1632,,,,51022,,,,,,,,
1633,,,,51023,,,,,,,,
1634,,,,51024,,,,,,,,
1635,,,,51028,,,,,,,,
1636,,,,51029,,,,,,,,
1637,,,,51031,,,,,,,,
1638,,,,51033,,,,,,,,
1639,,,,51035,,,,,,,,
1640,,,,51038,,,,,,,,
1641,,,,51042,,,,,,,,
1642,,,,51051,,,,,,,,
1643,,,,51053,,,,,,,,
1644,,,,51055,,,,,,,,
1645,,,,51060,,,,,,,,
1646,,,,51061,,,,,,,,
1647,,,,51063,,,,,,,,
1648,,,,51065,,,,,,,,
1649,,,,51069,,,,,,,,
1650,,,,51072,,,,,,,,
1651,,,,51077,,,,,,,,
1652,,,,51078,,,,,,,,
1653,,,,51079,,,,,,,,
1654,,,,51080,,,,,,,,
1655,,,,51081,,,,,,,,
1656,,,,51083,,,,,,,,
1657,,,,51087,,,,,,,,
1658,,,,51090,,,,,,,,
1659,,,,51093,,,,,,,,
1660,,,,51097,,,,,,,,
1661,,,,52002,,,,,,,,
1662,,,,52003,,,,,,,,
1663,,,,52009,,,,,,,,
1664,,,,52010,,,,,,,,
1665,,,,52013,,,,,,,,
1666,,,,52014,,,,,,,,
1667,,,,52015,,,,,,,,
1668,,,,52017,,,,,,,,
1669,,,,52018,,,,,,,,
1670,,,,52021,,,,,,,,
1671,,,,52022,,,,,,,,
1672,,,,52023,,,,,,,,
1673,,,,52025,,,,,,,,
1674,,,,52026,,,,,,,,
1675,,,,52027,,,,,,,,
1676,,,,52029,,,,,,,,
1677,,,,52038,,,,,,,,
1678,,,,52039,,,,,,,,
1679,,,,52040,,,,,,,,
1680,,,,52042,,,,,,,,
1681,,,,52044,,,,,,,,
1682,,,,52045,,,,,,,,
1683,,,,52046,,,,,,,,
1684,,,,52047,,,,,,,,
1685,,,,52048,,,,,,,,
1686,,,,52052,,,,,,,,
1687,,,,52053,,,,,,,,
1688,,,,52055,,,,,,,,
1689,,,,52057,,,,,,,,
1690,,,,52059,,,,,,,,
1691,,,,52060,,,,,,,,
1692,,,,52064,,,,,,,,
1693,,,,52068,,,,,,,,
1694,,,,52072,,,,,,,,
1695,,,,52073,,,,,,,,
1696,,,,52082,,,,,,,,
1697,,,,52087,,,,,,,,
1698,,,,52091,,,,,,,,
1699,,,,52095,,,,,,,,
1700,,,,52099,,,,,,,,
1701,,,,52101,,,,,,,,
1702,,,,52104,,,,,,,,
1703,,,,52106,,,,,,,,
1704,,,,52107,,,,,,,,
1705,,,,52110,,,,,,,,
1706,,,,52115,,,,,,,,
1707,,,,52116,,,,,,,,
1708,,,,52122,,,,,,,,
1709,,,,52123,,,,,,,,
1710,,,,53009,,,,,,,,
1711,,,,53010,,,,,,,,
1712,,,,53011,,,,,,,,
1713,,,,53023,,,,,,,,
1714,,,,53029,,,,,,,,
1715,,,,53030,,,,,,,,
1716,,,,53033,,,,,,,,
1717,,,,53034,,,,,,,,
1718,,,,53036,,,,,,,,
1719,,,,53038,,,,,,,,
1720,,,,53044,,,,,,,,
1721,,,,53048,,,,,,,,
1722,,,,53049,,,,,,,,
1723,,,,53053,,,,,,,,
1724,,,,53057,,,,,,,,
1725,,,,53063,,,,,,,,
1726,,,,53071,,,,,,,,
1727,,,,53079,,,,,,,,
1728,,,,53100,,,,,,,,
1729,,,,53103,,,,,,,,
1730,,,,53106,,,,,,,,
1731,,,,53108,,,,,,,,
1732,,,,53115,,,,,,,,
1733,,,,53116,,,,,,,,
1734,,,,53117,,,,,,,,
1735,,,,53120,,,,,,,,
1736,,,,53124,,,,,,,,
1737,,,,53125,,,,,,,,
1738,,,,53126,,,,,,,,
1739,,,,53135,,,,,,,,
1740,,,,53138,,,,,,,,
1741,,,,53139,,,,,,,,
1742,,,,53144,,,,,,,,
1743,,,,53146,,,,,,,,
1744,,,,53147,,,,,,,,
1745,,,,53155,,,,,,,,
1746,,,,53159,,,,,,,,
1747,,,,53160,,,,,,,,
1748,,,,53162,,,,,,,,
1749,,,,53163,,,,,,,,
1750,,,,53166,,,,,,,,
1751,,,,53176,,,,,,,,
1752,,,,53178,,,,,,,,
1753,,,,53185,,,,,,,,
1754,,,,54002,,,,,,,,
1755,,,,54003,,,,,,,,
1756,,,,54005,,,,,,,,
1757,,,,54007,,,,,,,,
1758,,,,54009,,,,,,,,
1759,,,,54011,,,,,,,,
1760,,,,54018,,,,,,,,
1761,,,,54021,,,,,,,,
1762,,,,54026,,,,,,,,
1763,,,,54028,,,,,,,,
1764,,,,54031,,,,,,,,
1765,,,,54033,,,,,,,,
1766,,,,54034,,,,,,,,
1767,,,,54035,,,,,,,,
1768,,,,54038,,,,,,,,
1769,,,,54046,,,,,,,,
1770,,,,54047,,,,,,,,
1771,,,,54050,,,,,,,,
1772,,,,54051,,,,,,,,
1773,,,,54052,,,,,,,,
1774,,,,54053,,,,,,,,
1775,,,,54054,,,,,,,,
1776,,,,54055,,,,,,,,
1777,,,,54057,,,,,,,,
1778,,,,54060,,,,,,,,
1779,,,,54061,,,,,,,,
1780,,,,54067,,,,,,,,
1781,,,,54068,,,,,,,,
1782,,,,54069,,,,,,,,
1783,,,,54071,,,,,,,,
1784,,,,54076,,,,,,,,
1785,,,,54077,,,,,,,,
1786,,,,54078,,,,,,,,
1787,,,,54081,,,,,,,,
1788,,,,54083,,,,,,,,
1789,,,,54096,,,,,,,,
1790,,,,54099,,,,,,,,
1791,,,,54100,,,,,,,,
1792,,,,54105,,,,,,,,
1793,,,,54112,,,,,,,,
1794,,,,54113,,,,,,,,
1795,,,,54118,,,,,,,,
1796,,,,54119,,,,,,,,
1797,,,,54122,,,,,,,,
1798,,,,54126,,,,,,,,
1799,,,,54127,,,,,,,,
1800,,,,54129,,,,,,,,
1801,,,,54135,,,,,,,,
1802,,,,54136,,,,,,,,
1803,,,,54138,,,,,,,,
1804,,,,54139,,,,,,,,
1805,,,,54141,,,,,,,,
1806,,,,54143,,,,,,,,
1807,,,,54147,,,,,,,,
1808,,,,54148,,,,,,,,
1809,,,,54151,,,,,,,,
1810,,,,54153,,,,,,,,
1811,,,,54156,,,,,,,,
1812,,,,54158,,,,,,,,
1813,,,,54164,,,,,,,,
1814,,,,54166,,,,,,,,
1815,,,,54167,,,,,,,,
1816,,,,54170,,,,,,,,
1817,,,,54171,,,,,,,,
1818,,,,54172,,,,,,,,
1819,,,,54179,,,,,,,,
1820,,,,54182,,,,,,,,
1821,,,,54183,,,,,,,,
1822,,,,54186,,,,,,,,
1823,,,,54189,,,,,,,,
1824,,,,54191,,,,,,,,
1825,,,,54228,,,,,,,,
1826,,,,55002,,,,,,,,
1827,,,,55010,,,,,,,,
1828,,,,55015,,,,,,,,
1829,,,,55018,,,,,,,,
1830,,,,55019,,,,,,,,
1831,,,,55029,,,,,,,,
1832,,,,55040,,,,,,,,
1833,,,,55048,,,,,,,,
1834,,,,55061,,,,,,,,
1835,,,,55063,,,,,,,,
1836,,,,55069,,,,,,,,
1837,,,,55076,,,,,,,,
1838,,,,55090,,,,,,,,
1839,,,,55095,,,,,,,,
1840,,,,55099,,,,,,,,
1841,,,,55104,,,,,,,,
1842,,,,55109,,,,,,,,
1843,,,,55114,,,,,,,,
1844,,,,55117,,,,,,,,
1845,,,,56003,,,,,,,,
1846,,,,56006,,,,,,,,
1847,,,,56009,,,,,,,,
1848,,,,56011,,,,,,,,
1849,,,,56016,,,,,,,,
1850,,,,57002,,,,,,,,
1851,,,,57010,,,,,,,,
1852,,,,57014,,,,,,,,
1853,,,,57016,,,,,,,,
1854,,,,57020,,,,,,,,
1855,,,,57027,,,,,,,,
1856,,,,57029,,,,,,,,
1857,,,,57035,,,,,,,,
1858,,,,57037,,,,,,,,
1859,,,,57041,,,,,,,,
1860,,,,57044,,,,,,,,
1861,,,,57045,,,,,,,,
1862,,,,57053,,,,,,,,
1863,,,,57061,,,,,,,,
1864,,,,57065,,,,,,,,
1865,,,,57067,,,,,,,,
1866,,,,57072,,,,,,,,
1867,,,,57083,,,,,,,,
1868,,,,57087,,,,,,,,
1869,,,,57112,,,,,,,,
1870,,,,57123,,,,,,,,
1871,,,,57126,,,,,,,,
1872,,,,57135,,,,,,,,
1873,,,,57144,,,,,,,,
1874,,,,57147,,,,,,,,
1875,,,,57148,,,,,,,,
1876,,,,57154,,,,,,,,
1877,,,,57160,,,,,,,,
1878,,,,57165,,,,,,,,
1879,,,,57167,,,,,,,,
1880,,,,57171,,,,,,,,
1881,,,,57177,,,,,,,,
1882,,,,57178,,,,,,,,
1883,,,,57180,,,,,,,,
1884,,,,57185,,,,,,,,
1885,,,,57191,,,,,,,,
1886,,,,57192,,,,,,,,
1887,,,,57193,,,,,,,,
1888,,,,57195,,,,,,,,
1889,,,,57196,,,,,,,,
1890,,,,57197,,,,,,,,
1891,,,,57202,,,,,,,,
1892,,,,57208,,,,,,,,
1893,,,,57213,,,,,,,,
1894,,,,58006,,,,,,,,
1895,,,,58016,,,,,,,,
1896,,,,58020,,,,,,,,
1897,,,,58022,,,,,,,,
1898,,,,58024,,,,,,,,
1899,,,,58027,,,,,,,,
1900,,,,58032,,,,,,,,
1901,,,,59002,,,,,,,,
1902,,,,59003,,,,,,,,
1903,,,,59005,,,,,,,,
1904,,,,59007,,,,,,,,
1905,,,,59008,,,,,,,,
1906,,,,59009,,,,,,,,
1907,,,,59012,,,,,,,,
1908,,,,59015,,,,,,,,
1909,,,,59016,,,,,,,,
1910,,,,59020,,,,,,,,
1911,,,,59022,,,,,,,,
1912,,,,59023,,,,,,,,
1913,,,,59025,,,,,,,,
1914,,,,59026,,,,,,,,
1915,,,,59029,,,,,,,,
1916,,,,59033,,,,,,,,
1917,,,,59034,,,,,,,,
1918,,,,59037,,,,,,,,
1919,,,,59039,,,,,,,,
1920,,,,60001,,,,,,,,
1921,,,,60002,,,,,,,,
1922,,,,60003,,,,,,,,
1923,,,,60005,,,,,,,,
1924,,,,60007,,,,,,,,
1925,,,,60010,,,,,,,,
1926,,,,60013,,,,,,,,
1927,,,,60016,,,,,,,,
1928,,,,60017,,,,,,,,
1929,,,,60019,,,,,,,,
1930,,,,60021,,,,,,,,
1931,,,,60022,,,,,,,,
1932,,,,60025,,,,,,,,
1933,,,,60026,,,,,,,,
1934,,,,60027,,,,,,,,
1935,,,,60028,,,,,,,,
1936,,,,60040,,,,,,,,
1937,,,,61005,,,,,,,,
1938,,,,61008,,,,,,,,
1939,,,,61009,,,,,,,,
1940,,,,61014,,,,,,,,
1941,,,,61018,,,,,,,,
1942,,,,61022,,,,,,,,
1943,,,,61023,,,,,,,,
1944,,,,61030,,,,,,,,
1945,,,,61031,,,,,,,,
1946,,,,61033,,,,,,,,
1947,,,,61035,,,,,,,,
1948,,,,61047,,,,,,,,
1949,,,,61052,,,,,,,,
1950,,,,61055,,,,,,,,
1951,,,,61056,,,,,,,,
1952,,,,61061,,,,,,,,
1953,,,,61062,,,,,,,,
1954,,,,61063,,,,,,,,
1955,,,,62001,,,,,,,,
1956,,,,62003,,,,,,,,
1957,,,,62006,,,,,,,,
1958,,,,62012,,,,,,,,
1959,,,,62015,,,,,,,,
1960,,,,62017,,,,,,,,
1961,,,,62019,,,,,,,,
1962,,,,62021,,,,,,,,
1963,,,,62022,,,,,,,,
1964,,,,62023,,,,,,,,
1965,,,,62027,,,,,,,,
1966,,,,62030,,,,,,,,
1967,,,,62031,,,,,,,,
1968,,,,62033,,,,,,,,
1969,,,,62034,,,,,,,,
1970,,,,62035,,,,,,,,
1971,,,,62040,,,,,,,,
1972,,,,62041,,,,,,,,
1973,,,,62042,,,,,,,,
1974,,,,62043,,,,,,,,
1975,,,,62046,,,,,,,,
1976,,,,62047,,,,,,,,
1977,,,,62048,,,,,,,,
1978,,,,62049,,,,,,,,
1979,,,,62052,,,,,,,,
1980,,,,62053,,,,,,,,
1981,,,,62054,,,,,,,,
1982,,,,62057,,,,,,,,
1983,,,,62058,,,,,,,,
1984,,,,62060,,,,,,,,
1985,,,,62064,,,,,,,,
1986,,,,62065,,,,,,,,
1987,,,,62071,,,,,,,,
1988,,,,62076,,,,,,,,
1989,,,,62078,,,,,,,,
1990,,,,62081,,,,,,,,
1991,,,,62082,,,,,,,,
1992,,,,62084,,,,,,,,
1993,,,,62086,,,,,,,,
1994,,,,62087,,,,,,,,
1995,,,,62088,,,,,,,,
1996,,,,62090,,,,,,,,
1997,,,,62091,,,,,,,,
1998,,,,62092,,,,,,,,
1999,,,,62098,,,,,,,,
2000,,,,62106,,,,,,,,
2001,,,,62107,,,,,,,,
2002,,,,64001,,,,,,,,
2003,,,,64004,,,,,,,,
2004,,,,64005,,,,,,,,
2005,,,,64006,,,,,,,,
2006,,,,64010,,,,,,,,
2007,,,,64012,,,,,,,,
2008,,,,64015,,,,,,,,
2009,,,,64016,,,,,,,,
2010,,,,64018,,,,,,,,
2011,,,,64019,,,,,,,,
2012,,,,64030,,,,,,,,
2013,,,,64031,,,,,,,,
2014,,,,64032,,,,,,,,
2015,,,,64035,,,,,,,,
2016,,,,64036,,,,,,,,
2017,,,,64041,,,,,,,,
2018,,,,64043,,,,,,,,
2019,,,,64044,,,,,,,,
2020,,,,64050,,,,,,,,
2021,,,,64053,,,,,,,,
2022,,,,64057,,,,,,,,
2023,,,,64058,,,,,,,,
2024,,,,64059,,,,,,,,
2025,,,,64064,,,,,,,,
2026,,,,64068,,,,,,,,
2027,,,,64069,,,,,,,,
2028,,,,64070,,,,,,,,
2029,,,,64071,,,,,,,,
2030,,,,64073,,,,,,,,
2031,,,,64074,,,,,,,,
2032,,,,64076,,,,,,,,
2033,,,,64078,,,,,,,,
2034,,,,64080,,,,,,,,
2035,,,,64081,,,,,,,,
2036,,,,64082,,,,,,,,
2037,,,,64084,,,,,,,,
2038,,,,65003,,,,,,,,
2039,,,,65004,,,,,,,,
2040,,,,65006,,,,,,,,
2041,,,,65009,,,,,,,,
2042,,,,65010,,,,,,,,
2043,,,,65011,,,,,,,,
2044,,,,65014,,,,,,,,
2045,,,,65018,,,,,,,,
2046,,,,65020,,,,,,,,
2047,,,,65024,,,,,,,,
2048,,,,65025,,,,,,,,
2049,,,,65027,,,,,,,,
2050,,,,65031,,,,,,,,
2051,,,,65032,,,,,,,,
2052,,,,65033,,,,,,,,
2053,,,,65035,,,,,,,,
2054,,,,65036,,,,,,,,
2055,,,,65039,,,,,,,,
2056,,,,65041,,,,,,,,
2057,,,,65043,,,,,,,,
2058,,,,65046,,,,,,,,
2059,,,,65047,,,,,,,,
2060,,,,65055,,,,,,,,
2061,,,,65057,,,,,,,,
2062,,,,65058,,,,,,,,
2063,,,,65060,,,,,,,,
2064,,,,65066,,,,,,,,
2065,,,,68001,,,,,,,,
2066,,,,68008,,,,,,,,
2067,,,,68010,,,,,,,,
2068,,,,68011,,,,,,,,
2069,,,,68019,,,,,,,,
2070,,,,3104,,,,,,,,
2071,,,,4014,,,,,,,,
2072,,,,4056,,,,,,,,
2073,,,,4095,,,,,,,,
2074,,,,5024,,,,,,,,
2075,,,,6020,,,,,,,,
2076,,,,6034,,,,,,,,
2077,,,,6061,,,,,,,,
2078,,,,6067,,,,,,,,
2079,,,,6070,,,,,,,,
2080,,,,6084,,,,,,,,
2081,,,,6146,,,,,,,,
2082,,,,9047,,,,,,,,
2083,,,,9052,,,,,,,,
2084,,,,10005,,,,,,,,
2085,,,,13005,,,,,,,,
2086,,,,14012,,,,,,,,
2087,,,,15044,,,,,,,,
2088,,,,15056,,,,,,,,
2089,,,,15085,,,,,,,,
2090,,,,17002,,,,,,,,
2091,,,,17006,,,,,,,,
2092,,,,17104,,,,,,,,
2093,,,,17302,,,,,,,,
2094,,,,17307,,,,,,,,
2095,,,,18034,,,,,,,,
2096,,,,18048,,,,,,,,
2097,,,,18089,,,,,,,,
2098,,,,19009,,,,,,,,
2099,,,,22008,,,,,,,,
2100,,,,23065,,,,,,,,
2101,,,,26033,,,,,,,,
2102,,,,27055,,,,,,,,
2103,,,,28054,,,,,,,,
2104,,,,28096,,,,,,,,
2105,,,,36055,,,,,,,,
2106,,,,37029,,,,,,,,
2107,,,,37089,,,,,,,,
2108,,,,37093,,,,,,,,
2109,,,,37096,,,,,,,,
2110,,,,37134,,,,,,,,
2111,,,,38201,,,,,,,,
2112,,,,38356,,,,,,,,
2113,,,,40007,,,,,,,,
2114,,,,44089,,,,,,,,
2115,,,,45006,,,,,,,,
2116,,,,46066,,,,,,,,
2117,,,,48067,,,,,,,,
2118,,,,49011,,,,,,,,
2119,,,,49019,,,,,,,,
2120,,,,50086,,,,,,,,
2121,,,,50092,,,,,,,,
2122,,,,51032,,,,,,,,
2123,,,,51084,,,,,,,,
2124,,,,51086,,,,,,,,
2125,,,,52093,,,,,,,,
2126,,,,53180,,,,,,,,
2127,,,,54121,,,,,,,,
2128,,,,56014,,,,,,,,
2129,,,,57116,,,,,,,,
2130,,,,57189,,,,,,,,
2131,,,,58014,,,,,,,,
2132,,,,60008,,,,,,,,
2133,,,,60030,,,,,,,,
2134,,,,61017,,,,,,,,
2135,,,,61024,,,,,,,,
2136,,,,61069,,,,,,,,
2137,,,,62067,,,,,,,,
2138,,,,64017,,,,,,,,
2139,,,,64023,,,,,,,,
2140,,,,64061,,,,,,,,
2141,,,,64065,,,,,,,,
2142,,,,64086,,,,,,,,
2143,,,,65001,,,,,,,,
2144,,,,65049,,,,,,,,
2145,,,,1001,,,,,,,,
2146,,,,3011,,,,,,,,
2147,,,,3112,,,,,,,,
2148,,,,6039,,,,,,,,
2149,,,,6082,,,,,,,,
2150,,,,6154,,,,,,,,
2151,,,,7005,,,,,,,,
2152,,,,8014,,,,,,,,
2153,,,,11050,,,,,,,,
2154,,,,14010,,,,,,,,
2155,,,,14033,,,,,,,,
2156,,,,15028,,,,,,,,
2157,,,,16023,,,,,,,,
2158,,,,16055,,,,,,,,
2159,,,,17065,,,,,,,,
2160,,,,17074,,,,,,,,
2161,,,,18013,,,,,,,,
2162,,,,26026,,,,,,,,
2163,,,,36004,,,,,,,,
2164,,,,36103,,,,,,,,
2165,,,,37084,,,,,,,,
2166,,,,37109,,,,,,,,
2167,,,,38210,,,,,,,,
2168,,,,38284,,,,,,,,
2169,,,,38301,,,,,,,,
2170,,,,39041,,,,,,,,
2171,,,,41036,,,,,,,,
2172,,,,42076,,,,,,,,
2173,,,,42111,,,,,,,,
2174,,,,42135,,,,,,,,
2175,,,,44003,,,,,,,,
2176,,,,44034,,,,,,,,
2177,,,,45020,,,,,,,,
2178,,,,45031,,,,,,,,
2179,,,,48130,,,,,,,,
2180,,,,50073,,,,,,,,
2181,,,,55006,,,,,,,,
2182,,,,55039,,,,,,,,
2183,,,,57118,,,,,,,,
2184,,,,58029,,,,,,,,
2185,,,,59038,,,,,,,,
2186,,,,60014,,,,,,,,
2187,,,,64007,,,,,,,,
2188,,,,64009,,,,,,,,
2189,,,,64060,,,,,,,,
2190,,,,2014,,,,,,,,
2191,,,,6062,,,,,,,,
2192,,,,6096,,,,,,,,
2193,,,,6139,,,,,,,,
2194,,,,10007,,,,,,,,
2195,,,,12015,,,,,,,,
2196,,,,14032,,,,,,,,
2197,,,,18046,,,,,,,,
2198,,,,20037,,,,,,,,
2199,,,,21026,,,,,,,,
2200,,,,22030,,,,,,,,
2201,,,,28102,,,,,,,,
2202,,,,28167,,,,,,,,
2203,,,,29035,,,,,,,,
2204,,,,35025,,,,,,,,
2205,,,,36003,,,,,,,,
2206,,,,37026,,,,,,,,
2207,,,,38352,,,,,,,,
2208,,,,41040,,,,,,,,
2209,,,,43015,,,,,,,,
2210,,,,43036,,,,,,,,
2211,,,,44060,,,,,,,,
2212,,,,45030,,,,,,,,
2213,,,,47092,,,,,,,,
2214,,,,50065,,,,,,,,
2215,,,,58001,,,,,,,,
2216,,,,58013,,,,,,,,
2217,,,,58035,,,,,,,,
2218,,,,64013,,,,,,,,
2219,,,,64027,,,,,,,,
2220,,,,64054,,,,,,,,
2221,,,,64055,,,,,,,,
2222,,,,64056,,,,,,,,
2223,,,,64066,,,,,,,,
2224,,,,68018,,,,,,,,
2225,,,,1051,,,,,,,,
2226,,,,3049,,,,,,,,
2227,,,,3100,,,,,,,,
2228,,,,6098,,,,,,,,
2229,,,,6116,,,,,,,,
2230,,,,6131,,,,,,,,
2231,,,,18068,,,,,,,,
2232,,,,19083,,,,,,,,
2233,,,,19085,,,,,,,,
2234,,,,20067,,,,,,,,
2235,,,,23128,,,,,,,,
2236,,,,30026,,,,,,,,
2237,,,,37075,,,,,,,,
2238,,,,37129,,,,,,,,
2239,,,,38197,,,,,,,,
2240,,,,43023,,,,,,,,
2241,,,,58023,,,,,,,,
2242,,,,59040,,,,,,,,
2243,,,,60029,,,,,,,,
2244,,,,62104,,,,,,,,
2245,,,,64002,,,,,,,,
2246,,,,64042,,,,,,,,
2247,,,,4083,,,,,,,,
2248,,,,6066,,,,,,,,
2249,,,,6109,,,,,,,,
2250,,,,9160,,,,,,,,
2251,,,,13004,,,,,,,,
2252,,,,18035,,,,,,,,
2253,,,,18104,,,,,,,,
2254,,,,20072,,,,,,,,
2255,,,,21002,,,,,,,,
2256,,,,21016,,,,,,,,
2257,,,,22023,,,,,,,,
2258,,,,28024,,,,,,,,
2259,,,,28077,,,,,,,,
2260,,,,28181,,,,,,,,
2261,,,,34037,,,,,,,,
2262,,,,36018,,,,,,,,
2263,,,,37057,,,,,,,,
2264,,,,38060,,,,,,,,
2265,,,,41038,,,,,,,,
2266,,,,44006,,,,,,,,
2267,,,,46013,,,,,,,,
2268,,,,50124,,,,,,,,
2269,,,,51056,,,,,,,,
2270,,,,51076,,,,,,,,
2271,,,,53149,,,,,,,,
2272,,,,54098,,,,,,,,
2273,,,,64008,,,,,,,,
2274,,,,6089,,,,,,,,
2275,,,,11003,,,,,,,,
2276,,,,28000,,,,,,,,
2277,,,,28013,,,,,,,,
2278,,,,36076,,,,,,,,
2279,,,,40002,,,,,,,,
2280,,,,53043,,,,,,,,
2281,,,,54150,,,,,,,,
2282,,,,60004,,,,,,,,
2283,,,,64037,,,,,,,,
2284,,,,2024,,,,,,,,
2285,,,,19138,,,,,,,,
2286,,,,28050,,,,,,,,
2287,,,,48050,,,,,,,,
2288,,,,50074,,,,,,,,
2289,,,,54120,,,,,,,,
2290,,,,64028,,,,,,,,
2291,,,,64051,,,,,,,,
2292,,,,64052,,,,,,,,
2293,,,,2004,,,,,,,,
2294,,,,5133,,,,,,,,
2295,,,,6038,,,,,,,,
2296,,,,27019,,,,,,,,
2297,,,,36136,,,,,,,,
2298,,,,68016,,,,,,,,
2299,,,,68029,,,,,,,,
2300,,,,55101,,,,,,,,
2301,,,,64040,,,,,,,,
2302,,,,17042,,,,,,,,
2303,,,,36080,,,,,,,,
2304,,,,37048,,,,,,,,
2305,,,,6015,,,,,,,,
2306,,,,22005,,,,,,,,
2307,,,,15024,,,,,,,,
2308,,,,22029,,,,,,,,
2309,,,,53181,,,,,,,,
2310,,,,11016,,,,,,,,
2311,,,,19087,,,,,,,,
2312,,,,50122,,,,,,,,
2313,,,,2031,,,,,,,,
2314,,,,50022,,,,,,,,
2315,,,,68012,,,,,,,,
2316,,,,9193,,,,,,,,
2317,,,,62079,,,,,,,,
2318,,,,64033,,,,,,,,
2319,,,,40006,,,,,,,,
2320,,,,22028,,,,,,,,
2321,,,,22038,,,,,,,,
2322,,,,8065,,,,,,,,
2323,,,,25001,,,,,,,,
2324,,,,18076,,,,,,,,
2325,,,,18113,,,,,,,,
2326,,,,28177,,,,,,,,
